{"qqqi_qty": 762, "schd_qty": 7740, "qqqi_div": 0.6196666666666667, "schd_div": 0.257, "exchange_rate": 1510.6800537109375, "monthly_need_m": 200}