{"qqqi_qty": 773, "schd_qty": 7740, "qqqi_div": 0.6196666666666667, "schd_div": 0.257, "exchange_rate": 1517.280029296875, "monthly_need_m": 200}